/*INSERE DADOS NA TABELA DE PLANOS*/
INSERT INTO LABDATABASE.PLANOS VALUES(PLANOS_ID_PLANO_SEQ.NEXTVAL, 'GANDULA', 20);
INSERT INTO LABDATABASE.PLANOS VALUES(PLANOS_ID_PLANO_SEQ.NEXTVAL, 'RESERVA', 35);
INSERT INTO LABDATABASE.PLANOS VALUES(PLANOS_ID_PLANO_SEQ.NEXTVAL, 'TITULAR', 60);

/*INSERE DADOS NA TABELA DE SOCIOS*/
INSERT INTO LABDATABASE.SOCIOS VALUES('034.562.124-50', 1, 'RUA BERNARDINO MARIA DA SILVA, ABERTA DOS MORROS, PORTO ALEGRE, RS', 'CLAUDIO SANTOS', to_date('25/07/2017', 'dd/mm/yyyy'), NULL, '55997356418', 'csantos@gmail.com');
INSERT INTO LABDATABASE.SOCIOS VALUES('321.459.592-01', 2, 'RUA XAVIER ARAÚJO, GUAXUMA, MACEIÓ, AL', 'MARINA LIRA', to_date('01/09/2009', 'dd/mm/yyyy'), NULL, '82980898870', 'mlima@gmail.com');
INSERT INTO LABDATABASE.SOCIOS VALUES('094.322.003-41', 3, 'RUA RADIALISTA ROMEU BARBOSA, CÉU AZUL, BELO HORIZONTE, MG', 'JANINE PORTELA', to_date('15/03/2016', 'dd/mm/yyyy'), NULL, '34989303884', 'jportela@gmail.com');
INSERT INTO LABDATABASE.SOCIOS VALUES('839.212.301-91', 1, 'RUA MAURITÂNIA, CANAÃ, BELO HORIZONTE, MG', 'SERGIO GUIMARÃES', to_date('31/12/2002', 'dd/mm/yyyy'), NULL, '37987220851', 'sguimaraes@gmail.com');
INSERT INTO LABDATABASE.SOCIOS VALUES('194.231.555-19', 3, 'AVENIDA ARACAJU, SÃO PEDRO, JI-PARANÁ, RO', 'PATRICIA CARLA', to_date('24/10/2012', 'dd/mm/yyyy'), NULL, '69972186282', 'pcarla@gmail.com');
INSERT INTO LABDATABASE.SOCIOS VALUES('623.192.029-55', 3, 'RUA MAESTRO CARDIM 769, BELA VISTA, SÃO PAULO, SP', 'MAURO NEVES', to_date('14/11/2003', 'dd/mm/yyyy'), NULL, '17982040883', 'mneves@gmail.com');
INSERT INTO LABDATABASE.SOCIOS VALUES('999.812.391-00', 3, 'RUA 73, SETOR CENTRAL, GOIÂNIA, GO', 'RIAN GALIARDO', to_date('11/07/2011', 'dd/mm/yyyy'), NULL, '64984470264', 'rgaliardo@gmail.com');
INSERT INTO LABDATABASE.SOCIOS VALUES('493.000.291-34', 3, 'RUA ULISSES GUIMARÃES, NOVO COLORADO, CUIABÁ, MT', 'ASERNIO KLEIN', to_date('21/06/2001', 'dd/mm/yyyy'), NULL, '66997885290', 'aklein@gmail.com');
INSERT INTO LABDATABASE.SOCIOS VALUES('041.932.092-15', 1, 'RUA ADEMAR MEDEIROS, PLANALTO, ARAPIRACA, AL', 'DALILA JESUS', to_date('04/10/2008', 'dd/mm/yyyy'), NULL, '82981344618', 'djesus@gmail.com');
INSERT INTO LABDATABASE.SOCIOS VALUES('759.231.020-44', 2, 'RUA JOSÉ ALVES, NAÇÕES, CAMPINA GRANDE, PB', 'LARISSA FAISER', to_date('01/08/2010', 'dd/mm/yyyy'), NULL, '83967647889', 'lfaiser@gmail.com');
INSERT INTO LABDATABASE.SOCIOS VALUES('821.394.092-00', 2, 'RUA BARÃO DE MAUÁ, NOVA BRASÍLIA, CARIACICA, ES', 'HUMBERTO GOIAS', to_date('22/01/2021', 'dd/mm/yyyy'), NULL, '27999689525', 'hgoias@gmail.com');
INSERT INTO LABDATABASE.SOCIOS VALUES('111.029.430-91', 2, 'RUA PEDRO EVANGELISTA, BELA VISTA, PICOS, PI', 'JOÃO CARLOS', to_date('23/10/2014', 'dd/mm/yyyy'), NULL, '86972471223', 'jcarlos@gmail.com');
INSERT INTO LABDATABASE.SOCIOS VALUES('694.012.932-11', 3, 'RUA PÉTALAS, JORGE TEIXEIRA, MANAUS, AM', 'SAMIRA TEVES', to_date('25/12/2013', 'dd/mm/yyyy'), NULL, '92997313325', 'steves@gmail.com');
INSERT INTO LABDATABASE.SOCIOS VALUES('332.098.596-12', 3, 'RUA BOGONI, RESIDENCIAL SÍRIO LIBANÊS II, CAMPO GRANDE, MS', 'MARCIA SILVA', to_date('08/01/2016', 'dd/mm/yyyy'), NULL, '67969278258', 'msilva@gmail.com');
INSERT INTO LABDATABASE.SOCIOS VALUES('099.412.392-59', 3, 'RUA TREZE DE MAIO, LIMOEIRO, BRUSQUE, SC', 'ISAQUE OLIVEIRA', to_date('11/03/2004', 'dd/mm/yyyy'), NULL, '48997146243', 'ioliveira@gmail.com');
INSERT INTO LABDATABASE.SOCIOS VALUES('493.021.222-29', 2, 'RUA VINÍCIUS DE MORAES, PARQUE RESIDENCIAL LARANJEIRAS, SERRA, ES', 'RITA TAILOR', to_date('28/08/2018', 'dd/mm/yyyy'), NULL, '27989600785', 'rtailor@gmail.com');
INSERT INTO LABDATABASE.SOCIOS VALUES('793.012.443-21', 2, 'RUA JULIETA AMORIM CALMON, LINHARES V, LINHARES, ES', 'OLIVIA VITORIA', to_date('08/02/2020', 'dd/mm/yyyy'), NULL, '27989360334', 'ovitoria@gmail.com');
INSERT INTO LABDATABASE.SOCIOS VALUES('200.293.482-12', 2, 'AVENIDA LOURENÇO ARAÚJO DE SÁ, JARDIM FELICIDADE, MACAPÁ, AP', 'XAVIER FREITAS', to_date('09/05/2000', 'dd/mm/yyyy'), NULL, '96991676581', 'xfreitas@gmail.com');
INSERT INTO LABDATABASE.SOCIOS VALUES('930.442.193-09', 3, 'RUA PROJETADA R-1, JACARECICA, MACEIÓ, AL', 'RAFAELA LIMA', to_date('29/01/2008', 'dd/mm/yyyy'), NULL, '82981948245', 'rlima@gmail.com');
INSERT INTO LABDATABASE.SOCIOS VALUES('141.592.002-13', 1, 'BECO SERENO, COBI DE CIMA, VILA VELHA, ES', 'ALICE SANTOS', to_date('14/06/2003', 'dd/mm/yyyy'), NULL, '27996338239', 'asantos@gmail.com');

/*INSERE DADOS NA TABELA DE MENSALIDADES*/
INSERT INTO LABDATABASE.MENSALIDADES VALUES(1, '034.562.124-50', 1,SYSDATE,SYSDATE + interval '1' MONTH, NULL, 20, NULL);
INSERT INTO LABDATABASE.MENSALIDADES VALUES(1, '321.459.592-01', 2,SYSDATE,SYSDATE + interval '1' MONTH, NULL, 35, NULL);
INSERT INTO LABDATABASE.MENSALIDADES VALUES(1, '094.322.003-41', 3,SYSDATE,SYSDATE + interval '1' MONTH, NULL, 60, NULL);
INSERT INTO LABDATABASE.MENSALIDADES VALUES(1, '839.212.301-91', 1,SYSDATE,SYSDATE + interval '1' MONTH, NULL, 20, NULL);
INSERT INTO LABDATABASE.MENSALIDADES VALUES(1, '194.231.555-19', 3,SYSDATE,SYSDATE + interval '1' MONTH, NULL, 60, NULL);
INSERT INTO LABDATABASE.MENSALIDADES VALUES(1, '623.192.029-55', 3,SYSDATE,SYSDATE + interval '1' MONTH, NULL, 60, NULL);
INSERT INTO LABDATABASE.MENSALIDADES VALUES(1, '999.812.391-00', 3,SYSDATE,SYSDATE + interval '1' MONTH, NULL, 60, NULL);
INSERT INTO LABDATABASE.MENSALIDADES VALUES(1, '493.000.291-34', 3,SYSDATE,SYSDATE + interval '1' MONTH, NULL, 60, NULL);
INSERT INTO LABDATABASE.MENSALIDADES VALUES(1, '041.932.092-15', 1,SYSDATE,SYSDATE + interval '1' MONTH, NULL, 20, NULL);
INSERT INTO LABDATABASE.MENSALIDADES VALUES(1, '759.231.020-44', 2,SYSDATE,SYSDATE + interval '1' MONTH, NULL, 35, NULL);
INSERT INTO LABDATABASE.MENSALIDADES VALUES(1, '821.394.092-00', 2,SYSDATE,SYSDATE + interval '1' MONTH, NULL, 35, NULL);
INSERT INTO LABDATABASE.MENSALIDADES VALUES(1, '111.029.430-91', 2,SYSDATE,SYSDATE + interval '1' MONTH, NULL, 35, NULL);
INSERT INTO LABDATABASE.MENSALIDADES VALUES(1, '694.012.932-11', 3,SYSDATE,SYSDATE + interval '1' MONTH, NULL, 60, NULL);
INSERT INTO LABDATABASE.MENSALIDADES VALUES(1, '332.098.596-12', 3,SYSDATE,SYSDATE + interval '1' MONTH, NULL, 60, NULL);
INSERT INTO LABDATABASE.MENSALIDADES VALUES(1, '099.412.392-59', 3,SYSDATE,SYSDATE + interval '1' MONTH, NULL, 60, NULL);
INSERT INTO LABDATABASE.MENSALIDADES VALUES(1, '493.021.222-29', 2,SYSDATE,SYSDATE + interval '1' MONTH, NULL, 35, NULL);
INSERT INTO LABDATABASE.MENSALIDADES VALUES(1, '793.012.443-21', 2,SYSDATE,SYSDATE + interval '1' MONTH, NULL, 35, NULL);
INSERT INTO LABDATABASE.MENSALIDADES VALUES(1, '200.293.482-12', 2,SYSDATE,SYSDATE + interval '1' MONTH, NULL, 35, NULL);
INSERT INTO LABDATABASE.MENSALIDADES VALUES(1, '930.442.193-09', 3,SYSDATE,SYSDATE + interval '1' MONTH, NULL, 60, NULL);
INSERT INTO LABDATABASE.MENSALIDADES VALUES(1, '141.592.002-13', 1,SYSDATE,SYSDATE + interval '1' MONTH, NULL, 20, NULL);


COMMIT;